scripts/static-security-audit.py	PASS	0
scripts/auth-security-browser-audit-v4515.py	PASS	0
scripts/ui-structural-browser-audit-v4525.py	PASS	0
scripts/focused-global-table-columns-v4525.py	PASS	0
scripts/focused-journal-tax-columns-v4522.py	PASS	0
scripts/accessibility-integration-browser-audit-v4519.py	PASS	0
scripts/mobile-more-security-browser-audit-v4516.py	PASS	0
scripts/focused-accounting-report-layout-v4517.py	PASS	0
scripts/focused-tax-integration-typography-v4518.py	PASS	0
scripts/ui-modal-scroll-browser-audit-v4515.py	PASS	0
scripts/input-workflow-browser-audit-v4515.py	PASS	0
scripts/production-invariants-browser-v4527.py	PASS	0
scripts/offline-browser-audit.py	PASS	0
scripts/xss-browser-audit.py	PASS	0
scripts/responsive-browser-audit.py	PASS	0
scripts/interaction-smoke-v4521.py	PASS	0
scripts/tt99-export-activation-browser-audit-v4560.py	PASS	0
scripts/export-center-browser-audit-v4560.py	PASS	0
