scripts/annual-benefits-browser-audit-v4545.py	PASS	0
scripts/clear-charts-tax-calendar-browser-audit-v4553.py	PASS	0
scripts/end-to-end-input-accounting-browser-audit-v4554.py	PASS	0
scripts/enterprise-data-alignment-browser-audit-v4550.py	PASS	0
scripts/global-column-centering-browser-audit-v4551.py	PASS	0
scripts/payroll-header-layout-browser-audit-v4543.py	PASS	0
scripts/responsive-sidebar-table-centering-browser-v4548.py	PASS	0
scripts/sticky-table-workflow-browser-audit-v4546.py	PASS	0
scripts/table-viewport-browser-audit-v4549.py	PASS	0
scripts/ui-tax-accounting-refinement-browser-audit-v4555.py	PASS	0
scripts/version-final-workflow-browser-audit-v4556.py	PASS	0
